{
	"credit": "Made with Blockbench",
	"texture_size": [48, 48],
	"textures": {
		"0": "custom/curtain"
	},
	"elements": [
		{
			"from": [-16, 30, 0],
			"to": [32, 31, 1],
			"rotation": {"angle": 0, "axis": "y", "origin": [-16, 29, 0]},
			"faces": {
				"north": {"uv": [1, 0, 1.33333, 16], "rotation": 90, "texture": "#0"},
				"south": {"uv": [1, 0, 1.33333, 16], "rotation": 90, "texture": "#0"},
				"up": {"uv": [1, 0, 1.33333, 16], "rotation": 90, "texture": "#0"},
				"down": {"uv": [1, 0, 1.33333, 16], "rotation": 90, "texture": "#0"}
			}
		},
		{
			"from": [31, 29, -1],
			"to": [32, 32, 2],
			"rotation": {"angle": 0, "axis": "y", "origin": [-16, 29, 0]},
			"faces": {
				"north": {"uv": [1.66667, 0, 2.66667, 0.33333], "rotation": 90, "texture": "#0"},
				"south": {"uv": [2.66667, 0.33333, 1.66667, 0], "rotation": 90, "texture": "#0"},
				"west": {"uv": [1.66667, 0, 2.66667, 1], "texture": "#0"},
				"up": {"uv": [1.66667, 0, 2.66667, 0.33333], "rotation": 90, "texture": "#0"},
				"down": {"uv": [1.66667, 0, 2.66667, 0.33333], "rotation": 90, "texture": "#0"}
			}
		},
		{
			"from": [-16, 29, -1],
			"to": [-15, 32, 2],
			"rotation": {"angle": 0, "axis": "y", "origin": [-63, 29, 0]},
			"faces": {
				"north": {"uv": [1.66667, 0, 2.66667, 0.33333], "rotation": 90, "texture": "#0"},
				"east": {"uv": [2.66667, 0, 1.66667, 1], "texture": "#0"},
				"south": {"uv": [2.66667, 0.33333, 1.66667, 0], "rotation": 90, "texture": "#0"},
				"up": {"uv": [1.66667, 0, 2.66667, 0.33333], "rotation": 90, "texture": "#0"},
				"down": {"uv": [1.66667, 0, 2.66667, 0.33333], "rotation": 90, "texture": "#0"}
			}
		},
		{
			"from": [-13.7, 0, -0.5],
			"to": [-13.7, 32, 1.5],
			"rotation": {"angle": 45, "axis": "y", "origin": [-13.65, 31, 0.5]},
			"faces": {
				"north": {"uv": [0, 0, 0, 10.66667], "texture": "#missing"},
				"east": {"uv": [0, 0, 0.66667, 10.66667], "texture": "#0"},
				"south": {"uv": [0, 0, 0, 10.66667], "texture": "#missing"},
				"west": {"uv": [0, 0, 0.66667, 10.66667], "texture": "#0"},
				"up": {"uv": [0, 0, 0, 0.66667], "texture": "#missing"},
				"down": {"uv": [0, 0, 0, 0.66667], "texture": "#missing"}
			}
		},
		{
			"from": [-12.3, 0, -0.5],
			"to": [-12.3, 32, 1.5],
			"rotation": {"angle": -45, "axis": "y", "origin": [-12.25, 31, 0.5]},
			"faces": {
				"north": {"uv": [0, 0, 0, 10.66667], "texture": "#missing"},
				"east": {"uv": [0, 0, 0.66667, 10.66667], "texture": "#0"},
				"south": {"uv": [0, 0, 0, 10.66667], "texture": "#missing"},
				"west": {"uv": [0, 0, 0.66667, 10.66667], "texture": "#0"},
				"up": {"uv": [0, 0, 0, 0.66667], "rotation": 180, "texture": "#missing"},
				"down": {"uv": [0, 0, 0, 0.66667], "rotation": 180, "texture": "#missing"}
			}
		},
		{
			"from": [-10.9, 0, -0.5],
			"to": [-10.9, 32, 1.5],
			"rotation": {"angle": 45, "axis": "y", "origin": [-10.85, 31, 0.5]},
			"faces": {
				"north": {"uv": [0, 0, 0, 10.66667], "texture": "#missing"},
				"east": {"uv": [0, 0, 0.66667, 10.66667], "texture": "#0"},
				"south": {"uv": [0, 0, 0, 10.66667], "texture": "#missing"},
				"west": {"uv": [0, 0, 0.66667, 10.66667], "texture": "#0"},
				"up": {"uv": [0, 0, 0, 0.66667], "texture": "#missing"},
				"down": {"uv": [0, 0, 0, 0.66667], "texture": "#missing"}
			}
		},
		{
			"from": [-9.5, 0, -0.5],
			"to": [-9.5, 32, 1.5],
			"rotation": {"angle": -45, "axis": "y", "origin": [-9.45, 31, 0.5]},
			"faces": {
				"north": {"uv": [0, 0, 0, 10.66667], "texture": "#missing"},
				"east": {"uv": [0, 0, 0.66667, 10.66667], "texture": "#0"},
				"south": {"uv": [0, 0, 0, 10.66667], "texture": "#missing"},
				"west": {"uv": [0, 0, 0.66667, 10.66667], "texture": "#0"},
				"up": {"uv": [0, 0, 0, 0.66667], "rotation": 180, "texture": "#missing"},
				"down": {"uv": [0, 0, 0, 0.66667], "rotation": 180, "texture": "#missing"}
			}
		},
		{
			"from": [-8.1, 0, -0.5],
			"to": [-8.1, 32, 1.5],
			"rotation": {"angle": 45, "axis": "y", "origin": [-8.05, 31, 0.5]},
			"faces": {
				"north": {"uv": [0, 0, 0, 10.66667], "texture": "#missing"},
				"east": {"uv": [0, 0, 0.66667, 10.66667], "texture": "#0"},
				"south": {"uv": [0, 0, 0, 10.66667], "texture": "#missing"},
				"west": {"uv": [0, 0, 0.66667, 10.66667], "texture": "#0"},
				"up": {"uv": [0, 0, 0, 0.66667], "texture": "#missing"},
				"down": {"uv": [0, 0, 0, 0.66667], "texture": "#missing"}
			}
		},
		{
			"from": [-6.7, 0, -0.5],
			"to": [-6.7, 32, 1.5],
			"rotation": {"angle": -45, "axis": "y", "origin": [-6.65, 31, 0.5]},
			"faces": {
				"north": {"uv": [0, 0, 0, 10.66667], "texture": "#missing"},
				"east": {"uv": [0, 0, 0.66667, 10.66667], "texture": "#0"},
				"south": {"uv": [0, 0, 0, 10.66667], "texture": "#missing"},
				"west": {"uv": [0, 0, 0.66667, 10.66667], "texture": "#0"},
				"up": {"uv": [0, 0, 0, 0.66667], "rotation": 180, "texture": "#missing"},
				"down": {"uv": [0, 0, 0, 0.66667], "rotation": 180, "texture": "#missing"}
			}
		},
		{
			"from": [-5.3, 0, -0.5],
			"to": [-5.3, 32, 1.5],
			"rotation": {"angle": 45, "axis": "y", "origin": [-5.25, 31, 0.5]},
			"faces": {
				"north": {"uv": [0, 0, 0, 10.66667], "texture": "#missing"},
				"east": {"uv": [0, 0, 0.66667, 10.66667], "texture": "#0"},
				"south": {"uv": [0, 0, 0, 10.66667], "texture": "#missing"},
				"west": {"uv": [0, 0, 0.66667, 10.66667], "texture": "#0"},
				"up": {"uv": [0, 0, 0, 0.66667], "texture": "#missing"},
				"down": {"uv": [0, 0, 0, 0.66667], "texture": "#missing"}
			}
		},
		{
			"from": [-3.9, 0, -0.5],
			"to": [-3.9, 32, 1.5],
			"rotation": {"angle": -45, "axis": "y", "origin": [-3.85, 31, 0.5]},
			"faces": {
				"north": {"uv": [0, 0, 0, 10.66667], "texture": "#missing"},
				"east": {"uv": [0, 0, 0.66667, 10.66667], "texture": "#0"},
				"south": {"uv": [0, 0, 0, 10.66667], "texture": "#missing"},
				"west": {"uv": [0, 0, 0.66667, 10.66667], "texture": "#0"},
				"up": {"uv": [0, 0, 0, 0.66667], "rotation": 180, "texture": "#missing"},
				"down": {"uv": [0, 0, 0, 0.66667], "rotation": 180, "texture": "#missing"}
			}
		},
		{
			"from": [1.7, 0, -0.5],
			"to": [1.7, 32, 1.5],
			"rotation": {"angle": -45, "axis": "y", "origin": [1.75, 31, 0.5]},
			"faces": {
				"north": {"uv": [0, 0, 0, 10.66667], "texture": "#missing"},
				"east": {"uv": [0, 0, 0.66667, 10.66667], "texture": "#0"},
				"south": {"uv": [0, 0, 0, 10.66667], "texture": "#missing"},
				"west": {"uv": [0, 0, 0.66667, 10.66667], "texture": "#0"},
				"up": {"uv": [0, 0, 0, 0.66667], "rotation": 180, "texture": "#missing"},
				"down": {"uv": [0, 0, 0, 0.66667], "rotation": 180, "texture": "#missing"}
			}
		},
		{
			"from": [0.3, 0, -0.5],
			"to": [0.3, 32, 1.5],
			"rotation": {"angle": 45, "axis": "y", "origin": [0.35, 31, 0.5]},
			"faces": {
				"north": {"uv": [0, 0, 0, 10.66667], "texture": "#missing"},
				"east": {"uv": [0, 0, 0.66667, 10.66667], "texture": "#0"},
				"south": {"uv": [0, 0, 0, 10.66667], "texture": "#missing"},
				"west": {"uv": [0, 0, 0.66667, 10.66667], "texture": "#0"},
				"up": {"uv": [0, 0, 0, 0.66667], "texture": "#missing"},
				"down": {"uv": [0, 0, 0, 0.66667], "texture": "#missing"}
			}
		},
		{
			"from": [-1.1, 0, -0.5],
			"to": [-1.1, 32, 1.5],
			"rotation": {"angle": -45, "axis": "y", "origin": [-1.05, 31, 0.5]},
			"faces": {
				"north": {"uv": [0, 0, 0, 10.66667], "texture": "#missing"},
				"east": {"uv": [0, 0, 0.66667, 10.66667], "texture": "#0"},
				"south": {"uv": [0, 0, 0, 10.66667], "texture": "#missing"},
				"west": {"uv": [0, 0, 0.66667, 10.66667], "texture": "#0"},
				"up": {"uv": [0, 0, 0, 0.66667], "rotation": 180, "texture": "#missing"},
				"down": {"uv": [0, 0, 0, 0.66667], "rotation": 180, "texture": "#missing"}
			}
		},
		{
			"from": [-2.5, 0, -0.5],
			"to": [-2.5, 32, 1.5],
			"rotation": {"angle": 45, "axis": "y", "origin": [-2.45, 31, 0.5]},
			"faces": {
				"north": {"uv": [0, 0, 0, 10.66667], "texture": "#missing"},
				"east": {"uv": [0, 0, 0.66667, 10.66667], "texture": "#0"},
				"south": {"uv": [0, 0, 0, 10.66667], "texture": "#missing"},
				"west": {"uv": [0, 0, 0.66667, 10.66667], "texture": "#0"},
				"up": {"uv": [0, 0, 0, 0.66667], "texture": "#missing"},
				"down": {"uv": [0, 0, 0, 0.66667], "texture": "#missing"}
			}
		},
		{
			"from": [3.1, 0, -0.5],
			"to": [3.1, 32, 1.5],
			"rotation": {"angle": 45, "axis": "y", "origin": [3.15, 31, 0.5]},
			"faces": {
				"north": {"uv": [0, 0, 0, 10.66667], "texture": "#missing"},
				"east": {"uv": [0, 0, 0.66667, 10.66667], "texture": "#0"},
				"south": {"uv": [0, 0, 0, 10.66667], "texture": "#missing"},
				"west": {"uv": [0, 0, 0.66667, 10.66667], "texture": "#0"},
				"up": {"uv": [0, 0, 0, 0.66667], "texture": "#missing"},
				"down": {"uv": [0, 0, 0, 0.66667], "texture": "#missing"}
			}
		},
		{
			"from": [4.5, 0, -0.5],
			"to": [4.5, 32, 1.5],
			"rotation": {"angle": -45, "axis": "y", "origin": [4.55, 31, 0.5]},
			"faces": {
				"north": {"uv": [0, 0, 0, 10.66667], "texture": "#missing"},
				"east": {"uv": [0, 0, 0.66667, 10.66667], "texture": "#0"},
				"south": {"uv": [0, 0, 0, 10.66667], "texture": "#missing"},
				"west": {"uv": [0, 0, 0.66667, 10.66667], "texture": "#0"},
				"up": {"uv": [0, 0, 0, 0.66667], "rotation": 180, "texture": "#missing"},
				"down": {"uv": [0, 0, 0, 0.66667], "rotation": 180, "texture": "#missing"}
			}
		},
		{
			"from": [5.9, 0, -0.5],
			"to": [5.9, 32, 1.5],
			"rotation": {"angle": 45, "axis": "y", "origin": [5.95, 31, 0.5]},
			"faces": {
				"north": {"uv": [0, 0, 0, 10.66667], "texture": "#missing"},
				"east": {"uv": [0, 0, 0.66667, 10.66667], "texture": "#0"},
				"south": {"uv": [0, 0, 0, 10.66667], "texture": "#missing"},
				"west": {"uv": [0, 0, 0.66667, 10.66667], "texture": "#0"},
				"up": {"uv": [0, 0, 0, 0.66667], "texture": "#missing"},
				"down": {"uv": [0, 0, 0, 0.66667], "texture": "#missing"}
			}
		},
		{
			"from": [7.3, 0, -0.5],
			"to": [7.3, 32, 1.5],
			"rotation": {"angle": -45, "axis": "y", "origin": [7.35, 31, 0.5]},
			"faces": {
				"north": {"uv": [0, 0, 0, 10.66667], "texture": "#missing"},
				"east": {"uv": [0, 0, 0.66667, 10.66667], "texture": "#0"},
				"south": {"uv": [0, 0, 0, 10.66667], "texture": "#missing"},
				"west": {"uv": [0, 0, 0.66667, 10.66667], "texture": "#0"},
				"up": {"uv": [0, 0, 0, 0.66667], "rotation": 180, "texture": "#missing"},
				"down": {"uv": [0, 0, 0, 0.66667], "rotation": 180, "texture": "#missing"}
			}
		},
		{
			"from": [8.7, 0, -0.5],
			"to": [8.7, 32, 1.5],
			"rotation": {"angle": 45, "axis": "y", "origin": [8.75, 31, 0.5]},
			"faces": {
				"north": {"uv": [0, 0, 0, 10.66667], "texture": "#missing"},
				"east": {"uv": [0, 0, 0.66667, 10.66667], "texture": "#0"},
				"south": {"uv": [0, 0, 0, 10.66667], "texture": "#missing"},
				"west": {"uv": [0, 0, 0.66667, 10.66667], "texture": "#0"},
				"up": {"uv": [0, 0, 0, 0.66667], "texture": "#missing"},
				"down": {"uv": [0, 0, 0, 0.66667], "texture": "#missing"}
			}
		},
		{
			"from": [10.1, 0, -0.5],
			"to": [10.1, 32, 1.5],
			"rotation": {"angle": -45, "axis": "y", "origin": [10.15, 31, 0.5]},
			"faces": {
				"north": {"uv": [0, 0, 0, 10.66667], "texture": "#missing"},
				"east": {"uv": [0, 0, 0.66667, 10.66667], "texture": "#0"},
				"south": {"uv": [0, 0, 0, 10.66667], "texture": "#missing"},
				"west": {"uv": [0, 0, 0.66667, 10.66667], "texture": "#0"},
				"up": {"uv": [0, 0, 0, 0.66667], "rotation": 180, "texture": "#missing"},
				"down": {"uv": [0, 0, 0, 0.66667], "rotation": 180, "texture": "#missing"}
			}
		},
		{
			"from": [11.5, 0, -0.5],
			"to": [11.5, 32, 1.5],
			"rotation": {"angle": 45, "axis": "y", "origin": [11.55, 31, 0.5]},
			"faces": {
				"north": {"uv": [0, 0, 0, 10.66667], "texture": "#missing"},
				"east": {"uv": [0, 0, 0.66667, 10.66667], "texture": "#0"},
				"south": {"uv": [0, 0, 0, 10.66667], "texture": "#missing"},
				"west": {"uv": [0, 0, 0.66667, 10.66667], "texture": "#0"},
				"up": {"uv": [0, 0, 0, 0.66667], "texture": "#missing"},
				"down": {"uv": [0, 0, 0, 0.66667], "texture": "#missing"}
			}
		},
		{
			"from": [14.3, 0, -0.5],
			"to": [14.3, 32, 1.5],
			"rotation": {"angle": 45, "axis": "y", "origin": [14.35, 31, 0.5]},
			"faces": {
				"north": {"uv": [0, 0, 0, 10.66667], "texture": "#missing"},
				"east": {"uv": [0, 0, 0.66667, 10.66667], "texture": "#0"},
				"south": {"uv": [0, 0, 0, 10.66667], "texture": "#missing"},
				"west": {"uv": [0, 0, 0.66667, 10.66667], "texture": "#0"},
				"up": {"uv": [0, 0, 0, 0.66667], "texture": "#missing"},
				"down": {"uv": [0, 0, 0, 0.66667], "texture": "#missing"}
			}
		},
		{
			"from": [12.9, 0, -0.5],
			"to": [12.9, 32, 1.5],
			"rotation": {"angle": -45, "axis": "y", "origin": [12.95, 31, 0.5]},
			"faces": {
				"north": {"uv": [0, 0, 0, 10.66667], "texture": "#missing"},
				"east": {"uv": [0, 0, 0.66667, 10.66667], "texture": "#0"},
				"south": {"uv": [0, 0, 0, 10.66667], "texture": "#missing"},
				"west": {"uv": [0, 0, 0.66667, 10.66667], "texture": "#0"},
				"up": {"uv": [0, 0, 0, 0.66667], "rotation": 180, "texture": "#missing"},
				"down": {"uv": [0, 0, 0, 0.66667], "rotation": 180, "texture": "#missing"}
			}
		},
		{
			"from": [15.7, 0, -0.5],
			"to": [15.7, 32, 1.5],
			"rotation": {"angle": -45, "axis": "y", "origin": [15.75, 31, 0.5]},
			"faces": {
				"north": {"uv": [0, 0, 0, 10.66667], "texture": "#missing"},
				"east": {"uv": [0, 0, 0.66667, 10.66667], "texture": "#0"},
				"south": {"uv": [0, 0, 0, 10.66667], "texture": "#missing"},
				"west": {"uv": [0, 0, 0.66667, 10.66667], "texture": "#0"},
				"up": {"uv": [0, 0, 0, 0.66667], "rotation": 180, "texture": "#missing"},
				"down": {"uv": [0, 0, 0, 0.66667], "rotation": 180, "texture": "#missing"}
			}
		}
	],
	"display": {
		"fixed": {
			"rotation": [-90, 0, 0],
			"translation": [0, -4, 20],
			"scale": [2, 2, 2]
		}
	}
}