{
	"credit": "Made with Blockbench",
	"textures": {
		"0": "custom/sofa"
	},
	"elements": [
		{
			"from": [0, 13, 28],
			"to": [17, 17, 32],
			"rotation": {"angle": 0, "axis": "y", "origin": [16, 17, 31.5]},
			"faces": {
				"north": {"uv": [15, 5.5, 16, 1.25], "rotation": 90, "texture": "#0"},
				"east": {"uv": [15, 10.25, 16, 11.25], "texture": "#0"},
				"south": {"uv": [15, 1.25, 16, 5.5], "rotation": 90, "texture": "#0"},
				"west": {"uv": [15, 0, 16, 1], "texture": "#0"},
				"up": {"uv": [15, 1.25, 16, 5.5], "rotation": 90, "texture": "#0"},
				"down": {"uv": [15, 5.75, 16, 10], "rotation": 90, "texture": "#0"}
			}
		},
		{
			"from": [1, 0, 28],
			"to": [16, 13, 31],
			"rotation": {"angle": 0, "axis": "y", "origin": [16, 12, 31.5]},
			"faces": {
				"north": {"uv": [14.75, 5.75, 11.5, 9.5], "rotation": 90, "texture": "#0"},
				"east": {"uv": [14.75, 10.25, 11.5, 11], "rotation": 90, "texture": "#0"},
				"south": {"uv": [11.5, 5, 14.75, 1.25], "rotation": 90, "texture": "#0"},
				"west": {"uv": [14.75, 0.75, 11.5, 0], "rotation": 90, "texture": "#0"},
				"up": {"uv": [1.25, 12, 5, 12.75], "rotation": 180, "texture": "#0"}
			}
		},
		{
			"from": [2, 0, -12],
			"to": [12, 6, 28],
			"rotation": {"angle": 0, "axis": "y", "origin": [16, 16, -32.5]},
			"faces": {
				"west": {"uv": [0, 12.25, 10, 13.75], "texture": "#0"}
			}
		},
		{
			"from": [0, 6, -12],
			"to": [12, 11, 28],
			"rotation": {"angle": 0, "axis": "y", "origin": [16, 18, -32.5]},
			"faces": {
				"north": {"uv": [5.25, 8.25, 8.25, 9.5], "texture": "#0"},
				"south": {"uv": [3.75, 8, 6.75, 9.25], "texture": "#0"},
				"west": {"uv": [0, 10.75, 10, 12], "texture": "#0"},
				"up": {"uv": [0, 0, 10, 3], "rotation": 90, "texture": "#0"},
				"down": {"uv": [0, 7, 10, 10], "rotation": 90, "texture": "#0"}
			}
		},
		{
			"from": [12, 0, -12],
			"to": [16, 11, 28],
			"rotation": {"angle": 0, "axis": "y", "origin": [20, 16, -32.5]},
			"faces": {
				"east": {"uv": [0, 7.75, 10, 10.5], "texture": "#0"}
			}
		},
		{
			"from": [12, 11, -12],
			"to": [17, 23, 28],
			"rotation": {"angle": 0, "axis": "y", "origin": [20, 27, -32.5]},
			"faces": {
				"north": {"uv": [3, 14, 0, 15.25], "rotation": 90, "texture": "#0"},
				"east": {"uv": [0, 4.75, 10, 7.75], "texture": "#0"},
				"south": {"uv": [3, 14, 0, 15.25], "rotation": 90, "texture": "#0"},
				"west": {"uv": [0, 0, 10, 3], "texture": "#0"},
				"up": {"uv": [0, 4.5, 10, 3.25], "rotation": 90, "texture": "#0"},
				"down": {"uv": [0, 7.75, 10, 6.5], "rotation": 90, "texture": "#0"}
			}
		},
		{
			"from": [0, 13, -16],
			"to": [17, 17, -12],
			"rotation": {"angle": 0, "axis": "y", "origin": [16, 17, -56.5]},
			"faces": {
				"north": {"uv": [15, 1.25, 16, 5.5], "rotation": 90, "texture": "#0"},
				"east": {"uv": [15, 10.25, 16, 11.25], "texture": "#0"},
				"south": {"uv": [15, 1.25, 16, 5.5], "rotation": 90, "texture": "#0"},
				"west": {"uv": [15, 0, 16, 1], "texture": "#0"},
				"up": {"uv": [15, 5.5, 16, 1.25], "rotation": 90, "texture": "#0"},
				"down": {"uv": [15, 5.75, 16, 10], "rotation": 90, "texture": "#0"}
			}
		},
		{
			"from": [1, 0, -15],
			"to": [16, 13, -12],
			"rotation": {"angle": 0, "axis": "y", "origin": [16, 16, -56.5]},
			"faces": {
				"north": {"uv": [11.5, 1.25, 14.75, 5], "rotation": 90, "texture": "#0"},
				"east": {"uv": [14.75, 10.25, 11.5, 11], "rotation": 90, "texture": "#0"},
				"south": {"uv": [14.75, 9.5, 11.5, 5.75], "rotation": 90, "texture": "#0"},
				"west": {"uv": [14.75, 0, 11.5, 0.75], "rotation": 90, "texture": "#0"},
				"up": {"uv": [5, 12, 1.25, 12.75], "rotation": 180, "texture": "#0"}
			}
		},
		{
			"from": [1.6, 1, 6],
			"to": [1.6, 3, 10],
			"rotation": {"angle": -22.5, "axis": "z", "origin": [1.6, 2, 8]},
			"faces": {
				"north": {"uv": [0, 0, 0, 0.5], "texture": "#missing"},
				"east": {"uv": [10.25, 0, 11.25, 0.5], "texture": "#0"},
				"south": {"uv": [0, 0, 0, 0.5], "texture": "#missing"},
				"west": {"uv": [10.25, 0, 11.25, 0.5], "texture": "#0"},
				"up": {"uv": [0, 0, 0, 1], "texture": "#missing"},
				"down": {"uv": [0, 0, 0, 1], "texture": "#missing"}
			}
		}
	],
	"display": {
		"fixed": {
			"rotation": [-90, 0, 0],
			"translation": [0, 0, -16],
			"scale": [2, 2, 2]
		}
	},
	"groups": [
		{
			"name": "group",
			"origin": [-0.4, 2, 8],
			"color": 0,
			"children": [0, 1, 2, 3, 4, 5, 6, 7, 8]
		}
	]
}