{
	"credit": "Made with Blockbench",
	"texture_size": [64, 64],
	"textures": {
		"0": "custom/pipe"
	},
	"elements": [
		{
			"from": [3, -16, 6],
			"to": [11, 32, 14],
			"rotation": {"angle": 0, "axis": "y", "origin": [3, 0, 10]},
			"faces": {
				"north": {"uv": [0, 0, 2.66667, 16], "texture": "#0"},
				"east": {"uv": [0, 0, 2.66667, 16], "texture": "#0"},
				"south": {"uv": [0, 0, 2.66667, 16], "texture": "#0"},
				"west": {"uv": [0, 0, 2.66667, 16], "texture": "#0"}
			}
		},
		{
			"from": [2.5, 21, 5.5],
			"to": [11.5, 21, 14.5],
			"rotation": {"angle": 0, "axis": "y", "origin": [5, 19, 8]},
			"faces": {
				"up": {"uv": [5, 0, 8, 3], "texture": "#0"},
				"down": {"uv": [5, 0, 8, 3], "texture": "#0"}
			}
		},
		{
			"from": [2.5, -5, 5.5],
			"to": [11.5, -5, 14.5],
			"rotation": {"angle": 0, "axis": "y", "origin": [5, -7, 8]},
			"faces": {
				"up": {"uv": [5, 0, 8, 3], "texture": "#0"},
				"down": {"uv": [5, 0, 8, 3], "texture": "#0"}
			}
		},
		{
			"from": [12.5, 3, 0.5],
			"to": [15.5, 3, 3.5],
			"rotation": {"angle": 0, "axis": "y", "origin": [13, 1, 1]},
			"faces": {
				"up": {"uv": [5, 3.33333, 6, 4.33333], "texture": "#0"},
				"down": {"uv": [5, 3.33333, 6, 4.33333], "texture": "#0"}
			}
		},
		{
			"from": [13, -16, 1],
			"to": [15, 7, 3],
			"rotation": {"angle": 0, "axis": "y", "origin": [13, 0, 5]},
			"faces": {
				"north": {"uv": [4, 8.33333, 4.66667, 16], "texture": "#0"},
				"east": {"uv": [4, 8.33333, 4.66667, 16], "texture": "#0"},
				"south": {"uv": [4, 8.33333, 4.66667, 16], "texture": "#0"},
				"west": {"uv": [4.66667, 8.33333, 4, 16], "texture": "#0"},
				"up": {"uv": [4, 1, 4.66667, 1.66667], "texture": "#0"}
			}
		},
		{
			"from": [13, 11, 1],
			"to": [15, 32, 3],
			"rotation": {"angle": 0, "axis": "y", "origin": [13, 25, 5]},
			"faces": {
				"north": {"uv": [4, 0, 4.66667, 7], "texture": "#0"},
				"east": {"uv": [4.66667, 0, 4, 7], "texture": "#0"},
				"south": {"uv": [4, 0, 4.66667, 7], "texture": "#0"},
				"west": {"uv": [4, 0, 4.66667, 7], "texture": "#0"},
				"down": {"uv": [4, 1, 4.66667, 1.66667], "texture": "#0"}
			}
		},
		{
			"from": [13, 5, -15],
			"to": [15, 13, -13],
			"rotation": {"angle": 0, "axis": "y", "origin": [13, -7, -11]},
			"faces": {
				"north": {"uv": [4, 1, 4.66667, 3.66667], "texture": "#0"},
				"east": {"uv": [5.66667, 7.33333, 5, 4.66667], "texture": "#0"},
				"south": {"uv": [4, 0, 4.66667, 2.66667], "texture": "#0"},
				"west": {"uv": [5, 4.66667, 5.66667, 7.33333], "texture": "#0"},
				"up": {"uv": [4.66667, 1.33333, 4, 2], "texture": "#0"},
				"down": {"uv": [4.66667, 1.33333, 4, 2], "texture": "#0"}
			}
		},
		{
			"from": [13, 5, -13],
			"to": [15, 7, 1],
			"rotation": {"angle": 0, "axis": "y", "origin": [13, -7, -12]},
			"faces": {
				"east": {"uv": [4.66667, 10, 4, 15], "rotation": 90, "texture": "#0"},
				"west": {"uv": [4.66667, 10, 4, 15], "rotation": 90, "texture": "#0"},
				"up": {"uv": [4, 10, 4.66667, 15], "texture": "#0"},
				"down": {"uv": [4.66667, 10, 4, 15], "texture": "#0"}
			}
		},
		{
			"from": [13, 11, -13],
			"to": [15, 13, 1],
			"rotation": {"angle": 0, "axis": "y", "origin": [13, -1, -12]},
			"faces": {
				"east": {"uv": [4, 10, 4.66667, 15], "rotation": 90, "texture": "#0"},
				"west": {"uv": [4, 10, 4.66667, 15], "rotation": 90, "texture": "#0"},
				"up": {"uv": [4.66667, 10, 4, 15], "texture": "#0"},
				"down": {"uv": [4, 10, 4.66667, 15], "texture": "#0"}
			}
		},
		{
			"from": [12.5, 16, 0.5],
			"to": [15.5, 16, 3.5],
			"rotation": {"angle": 0, "axis": "y", "origin": [13, 14, 1]},
			"faces": {
				"up": {"uv": [5, 3.33333, 6, 4.33333], "texture": "#0"},
				"down": {"uv": [5, 3.33333, 6, 4.33333], "texture": "#0"}
			}
		},
		{
			"from": [7, -16, 1],
			"to": [9, 32, 3],
			"rotation": {"angle": 0, "axis": "y", "origin": [7, 0, 5]},
			"faces": {
				"north": {"uv": [3, 0, 3.66667, 16], "texture": "#0"},
				"east": {"uv": [3.66667, 0, 3, 16], "texture": "#0"},
				"south": {"uv": [3, 0, 3.66667, 16], "texture": "#0"},
				"west": {"uv": [3.66667, 0, 3, 16], "texture": "#0"}
			}
		},
		{
			"from": [6.5, 24, 0.5],
			"to": [9.5, 24, 3.5],
			"rotation": {"angle": 0, "axis": "y", "origin": [7, 22, 1]},
			"faces": {
				"up": {"uv": [5, 3.33333, 6, 4.33333], "texture": "#0"},
				"down": {"uv": [5, 3.33333, 6, 4.33333], "texture": "#0"}
			}
		},
		{
			"from": [6.5, 8, 0.5],
			"to": [9.5, 8, 3.5],
			"rotation": {"angle": 0, "axis": "y", "origin": [7, 6, 1]},
			"faces": {
				"up": {"uv": [5, 3.33333, 6, 4.33333], "texture": "#0"},
				"down": {"uv": [5, 3.33333, 6, 4.33333], "texture": "#0"}
			}
		},
		{
			"from": [6.5, -8, 0.5],
			"to": [9.5, -8, 3.5],
			"rotation": {"angle": 0, "axis": "y", "origin": [7, -10, 1]},
			"faces": {
				"up": {"uv": [5, 3.33333, 6, 4.33333], "texture": "#0"},
				"down": {"uv": [5, 3.33333, 6, 4.33333], "texture": "#0"}
			}
		}
	],
	"display": {
		"fixed": {
			"rotation": [-90, 0, 0],
			"translation": [0, 0, -48],
			"scale": [2, 2, 2]
		}
	},
	"groups": [
		{
			"name": "group",
			"origin": [5, -7, 8],
			"color": 0,
			"children": [
				{
					"name": "group",
					"origin": [5, -7, 8],
					"color": 0,
					"children": [0, 1, 2]
				},
				{
					"name": "group",
					"origin": [13, 14, 1],
					"color": 0,
					"children": [3, 4, 5, 6, 7, 8, 9]
				},
				{
					"name": "group",
					"origin": [7, -10, 1],
					"color": 0,
					"children": [10, 11, 12, 13]
				}
			]
		}
	]
}