{
	"credit": "Made with Blockbench",
	"textures": {
		"0": "custom/toilet"
	},
	"elements": [
		{
			"from": [3.5, 0, 1.5],
			"to": [12.5, 8, 16],
			"rotation": {"angle": 0, "axis": "y", "origin": [7, 0, 14]},
			"faces": {
				"north": {"uv": [0, 5.25, 2.25, 7.25], "texture": "#0"},
				"east": {"uv": [6, 5.25, 2.5, 7.25], "texture": "#0"},
				"west": {"uv": [2.5, 5.25, 6, 7.25], "texture": "#0"}
			}
		},
		{
			"from": [2, 9, 0],
			"to": [14, 11, 12],
			"rotation": {"angle": 0, "axis": "x", "origin": [7, 8, 10]},
			"faces": {
				"north": {"uv": [9.25, 0.5, 6.25, 0], "texture": "#0"},
				"east": {"uv": [6, 0.75, 5.5, 3.75], "rotation": 90, "texture": "#0"},
				"west": {"uv": [6, 3.75, 5.5, 0.75], "rotation": 90, "texture": "#0"},
				"up": {"uv": [6.25, 0.75, 9.25, 3.75], "texture": "#0"},
				"down": {"uv": [9.25, 3.75, 6.25, 0.75], "texture": "#0"}
			}
		},
		{
			"from": [2.5, 4, 0.5],
			"to": [13.5, 9, 12],
			"rotation": {"angle": 0, "axis": "y", "origin": [7.5, 6, 9.5]},
			"faces": {
				"north": {"uv": [0, 7.5, 2.75, 8.75], "texture": "#0"},
				"east": {"uv": [3, 7.5, 6, 8.75], "texture": "#0"},
				"south": {"uv": [0, 7.5, 2.75, 8.75], "texture": "#0"},
				"west": {"uv": [6, 7.5, 3, 8.75], "texture": "#0"},
				"down": {"uv": [9, 7, 6.25, 4], "texture": "#0"}
			}
		},
		{
			"from": [1, 8, 12],
			"to": [15, 20, 16],
			"rotation": {"angle": 0, "axis": "y", "origin": [7, 9, 14]},
			"faces": {
				"north": {"uv": [0.25, 2, 3.75, 5], "texture": "#0"},
				"east": {"uv": [5.25, 2, 4.25, 5], "texture": "#0"},
				"west": {"uv": [4.25, 2, 5.25, 5], "texture": "#0"},
				"down": {"uv": [0.25, 4, 3.75, 5], "texture": "#0"}
			}
		},
		{
			"from": [0, 20, 12],
			"to": [16, 22, 16],
			"rotation": {"angle": 0, "axis": "y", "origin": [8, 17, 14]},
			"faces": {
				"north": {"uv": [0, 1.25, 4, 1.75], "texture": "#0"},
				"east": {"uv": [5.25, 1.25, 4.25, 1.75], "texture": "#0"},
				"west": {"uv": [4.25, 1.25, 5.25, 1.75], "texture": "#0"},
				"up": {"uv": [4, 1, 0, 0], "texture": "#0"},
				"down": {"uv": [0, 0, 4, 1], "texture": "#0"}
			}
		}
	],
	"display": {
		"fixed": {
			"rotation": [-90, 0, 0],
			"translation": [0, 0, -16],
			"scale": [2, 2, 2]
		}
	}
}