{
	"credit": "Made with Blockbench",
	"texture_size": [64, 64],
	"textures": {
		"0": "custom/bath",
		"1": "custom/bath_water"
	},
	"elements": [
		{
			"from": [4.5, 4, 25.5],
			"to": [11.5, 19, 25.5],
			"rotation": {"angle": 0, "axis": "y", "origin": [8, 16, 25.5]},
			"faces": {
				"north": {"uv": [4.26667, 0, 11.73333, 16], "texture": "#1"},
				"south": {"uv": [11.73333, 0, 4.26667, 16], "texture": "#1"}
			}
		},
		{
			"from": [8, 4, 22],
			"to": [8, 19, 29],
			"rotation": {"angle": 0, "axis": "y", "origin": [8, 16, 25.5]},
			"faces": {
				"east": {"uv": [11.73333, 0, 4.26667, 16], "texture": "#1"},
				"west": {"uv": [4.26667, 0, 11.73333, 16], "texture": "#1"}
			}
		},
		{
			"from": [0, 0, 0],
			"to": [16, 16, 32],
			"faces": {
				"north": {"uv": [12.25, 4.25, 8.25, 8.25], "texture": "#0"},
				"east": {"uv": [0, 4.25, 8, 8.25], "texture": "#0"},
				"south": {"uv": [8.25, 4.25, 12.25, 8.25], "texture": "#0"},
				"west": {"uv": [0, 4.25, 8, 8.25], "texture": "#0"},
				"up": {"uv": [0, 0, 8, 4], "rotation": 90, "texture": "#0"}
			}
		},
		{
			"name": "cube inverted",
			"from": [14, 16, 29],
			"to": [2, 4, 2],
			"faces": {
				"north": {"uv": [8.75, 8.25, 11.75, 5.25], "texture": "#0"},
				"east": {"uv": [0.5, 8.25, 7.25, 5.25], "texture": "#0"},
				"south": {"uv": [11.75, 8.25, 8.75, 5.25], "texture": "#0"},
				"west": {"uv": [7.25, 8.25, 0.5, 5.25], "texture": "#0"},
				"up": {"uv": [6.75, 11.5, 0, 8.5], "rotation": 90, "texture": "#0"}
			}
		},
		{
			"from": [8, 16, 24.5],
			"to": [8, 23, 31.5],
			"rotation": {"angle": 0, "axis": "y", "origin": [7, 16, 29.5]},
			"faces": {
				"east": {"uv": [8.25, 0, 10, 1.75], "texture": "#0"},
				"west": {"uv": [10, 0, 8.25, 1.75], "texture": "#0"}
			}
		},
		{
			"from": [7, 16, 30.5],
			"to": [9, 22, 30.5],
			"rotation": {"angle": 0, "axis": "y", "origin": [10.5, 19.5, 30.5]},
			"faces": {
				"north": {"uv": [8.25, 0.25, 8.75, 1.75], "texture": "#0"},
				"south": {"uv": [8.75, 0.25, 8.25, 1.75], "texture": "#0"}
			}
		},
		{
			"from": [7, 19, 29.5],
			"to": [9, 19, 31.5],
			"rotation": {"angle": 0, "axis": "y", "origin": [8, 19, 30.5]},
			"faces": {
				"up": {"uv": [8.75, 0.75, 8.25, 1.25], "rotation": 90, "texture": "#0"},
				"down": {"uv": [8.25, 0.75, 8.75, 1.25], "rotation": 90, "texture": "#0"}
			}
		},
		{
			"from": [7, 19, 24.5],
			"to": [9, 19, 26.5],
			"rotation": {"angle": 0, "axis": "y", "origin": [8, 19, 25.5]},
			"faces": {
				"up": {"uv": [8.75, 0.75, 8.25, 1.25], "rotation": 90, "texture": "#0"},
				"down": {"uv": [8.25, 0.75, 8.75, 1.25], "rotation": 90, "texture": "#0"}
			}
		},
		{
			"from": [7, 21, 28],
			"to": [9, 23, 28],
			"rotation": {"angle": 0, "axis": "x", "origin": [8, 22, 28]},
			"faces": {
				"north": {"uv": [8.25, 0.75, 8.75, 1.25], "rotation": 270, "texture": "#0"},
				"south": {"uv": [8.75, 0.75, 8.25, 1.25], "rotation": 90, "texture": "#0"}
			}
		},
		{
			"from": [7, 19, 25.5],
			"to": [9, 22, 25.5],
			"rotation": {"angle": 0, "axis": "y", "origin": [10.5, 19.5, 25.5]},
			"faces": {
				"north": {"uv": [9.5, 0.25, 10, 1], "texture": "#0"},
				"south": {"uv": [10, 0.25, 9.5, 1], "texture": "#0"}
			}
		},
		{
			"from": [7, 22, 25.5],
			"to": [9, 22, 30.5],
			"rotation": {"angle": 0, "axis": "y", "origin": [8, 22, 27]},
			"faces": {
				"up": {"uv": [8.5, 0, 9.75, 0.5], "rotation": 270, "texture": "#0"},
				"down": {"uv": [8.75, 0.25, 8.25, 1], "texture": "#0"}
			}
		},
		{
			"from": [5.5, 18, 29.5],
			"to": [7, 20, 31.5],
			"rotation": {"angle": 45, "axis": "x", "origin": [8, 19, 30.5]},
			"faces": {
				"north": {"uv": [8.75, 2.75, 8.25, 3.25], "texture": "#0"},
				"east": {"uv": [8.75, 2.75, 9, 3.25], "texture": "#0"},
				"south": {"uv": [8.25, 2.75, 8.75, 3.25], "texture": "#0"},
				"west": {"uv": [8.5, 2.75, 8.75, 3.25], "texture": "#0"},
				"up": {"uv": [8.25, 2.75, 8.75, 3.25], "texture": "#0"},
				"down": {"uv": [8.25, 2.75, 8.75, 3.25], "texture": "#0"}
			}
		},
		{
			"from": [9, 18, 29.5],
			"to": [10.5, 20, 31.5],
			"rotation": {"angle": 45, "axis": "x", "origin": [8, 19, 30.5]},
			"faces": {
				"north": {"uv": [9.25, 2.75, 8.75, 3.25], "texture": "#0"},
				"east": {"uv": [8.75, 2.75, 8.5, 3.25], "texture": "#0"},
				"south": {"uv": [8.75, 2.75, 9.25, 3.25], "texture": "#0"},
				"west": {"uv": [8.75, 2.75, 9, 3.25], "texture": "#0"},
				"up": {"uv": [8.75, 2.75, 9.25, 3.25], "texture": "#0"},
				"down": {"uv": [8.75, 2.75, 9.25, 3.25], "texture": "#0"}
			}
		},
		{
			"from": [14.5, 16, 5.25],
			"to": [15.5, 19, 7.75],
			"rotation": {"angle": 0, "axis": "y", "origin": [15, 18.5, 6.5]},
			"faces": {
				"north": {"uv": [10.25, 0, 10.5, 0.75], "texture": "#0"},
				"east": {"uv": [10.25, 0, 11, 0.75], "texture": "#0"},
				"south": {"uv": [10.25, 0, 10.5, 0.75], "texture": "#0"},
				"west": {"uv": [10.25, 0, 11, 0.75], "texture": "#0"},
				"up": {"uv": [10.25, 0, 10.5, 0.125], "texture": "#0"}
			}
		},
		{
			"from": [14.65, 19, 5.5],
			"to": [15.35, 20, 7.5],
			"rotation": {"angle": 0, "axis": "y", "origin": [15, 18.5, 6.5]},
			"faces": {
				"north": {"uv": [10.25, 0.5, 10.425, 0.75], "texture": "#0"},
				"east": {"uv": [10.25, 0.5, 10.75, 0.75], "texture": "#0"},
				"south": {"uv": [10.25, 0.5, 10.425, 0.75], "texture": "#0"},
				"west": {"uv": [10.25, 0.5, 10.75, 0.75], "texture": "#0"},
				"up": {"uv": [10.25, 0.5, 10.425, 0.75], "texture": "#0"}
			}
		},
		{
			"from": [14.25, 16, 3.25],
			"to": [15.75, 21, 4.75],
			"rotation": {"angle": 0, "axis": "y", "origin": [15, 20, 4]},
			"faces": {
				"north": {"uv": [11.25, 0, 11.75, 1.25], "texture": "#0"},
				"east": {"uv": [11.25, 0, 11.75, 1.25], "texture": "#0"},
				"south": {"uv": [11.25, 0, 11.75, 1.25], "texture": "#0"},
				"west": {"uv": [11.25, 0, 11.75, 1.25], "texture": "#0"},
				"up": {"uv": [11.25, 0, 11.625, 0.125], "rotation": 90, "texture": "#0"}
			}
		},
		{
			"from": [14.5, 21, 3.5],
			"to": [15.5, 22, 4.5],
			"rotation": {"angle": 0, "axis": "y", "origin": [15, 20, 4]},
			"faces": {
				"north": {"uv": [11.25, 1, 11.5, 1.25], "texture": "#0"},
				"east": {"uv": [11.25, 1, 11.5, 1.25], "texture": "#0"},
				"south": {"uv": [11.25, 1, 11.5, 1.25], "texture": "#0"},
				"west": {"uv": [11.25, 1, 11.5, 1.25], "texture": "#0"},
				"up": {"uv": [11.25, 1, 11.5, 1.25], "texture": "#0"}
			}
		},
		{
			"from": [10.7, 16, 29.2],
			"to": [14.7, 17, 31.2],
			"rotation": {"angle": 22.5, "axis": "y", "origin": [12.7, 16.5, 30.2]},
			"faces": {
				"north": {"uv": [8.25, 2.25, 9.25, 2.5], "texture": "#0"},
				"east": {"uv": [9, 2.25, 8.5, 2], "texture": "#0"},
				"south": {"uv": [9.25, 2, 8.25, 2.25], "texture": "#0"},
				"west": {"uv": [8.25, 2, 8.75, 2.25], "texture": "#0"},
				"up": {"uv": [9.25, 2.5, 8.25, 2], "texture": "#0"},
				"down": {"uv": [8.25, 2, 9.25, 2.5], "texture": "#0"}
			}
		}
	],
	"display": {
		"fixed": {
			"rotation": [-90, 0, 0],
			"translation": [0, 0, -16],
			"scale": [2, 2, 2]
		}
	},
	"groups": [
		{
			"name": "group",
			"origin": [12.7, 16.5, 30.2],
			"color": 0,
			"children": [
				{
					"name": "group",
					"origin": [8, 16, 25.5],
					"color": 0,
					"children": [0, 1]
				},
				2,
				3,
				4,
				5,
				6,
				7,
				8,
				9,
				10,
				11,
				12,
				{
					"name": "group",
					"origin": [14, 19, 9],
					"color": 0,
					"children": [13, 14]
				},
				{
					"name": "group",
					"origin": [14, 17, 6],
					"color": 0,
					"children": [15, 16]
				},
				17
			]
		}
	]
}