{
	"credit": "Made with Blockbench",
	"texture_size": [64, 64],
	"textures": {
		"0": "custom/sink",
		"1": "custom/sink_water"
	},
	"elements": [
		{
			"from": [0, 14, 0],
			"to": [16, 18, 16],
			"rotation": {"angle": 0, "axis": "y", "origin": [8, 16, 8]},
			"faces": {
				"north": {"uv": [0, 4.25, 4, 5.25], "texture": "#0"},
				"east": {"uv": [0, 4.25, 4, 5.25], "texture": "#0"},
				"west": {"uv": [4, 4.25, 0, 5.25], "texture": "#0"},
				"up": {"uv": [0, 0, 4, 4], "rotation": 180, "texture": "#0"},
				"down": {"uv": [0, 5.5, 4, 9.5], "rotation": 180, "texture": "#0"}
			}
		},
		{
			"name": "cube inverted",
			"from": [14, 18, 13],
			"to": [2, 15, 2],
			"rotation": {"angle": 0, "axis": "y", "origin": [10, 11, 10]},
			"faces": {
				"north": {"uv": [4.25, 0, 7.25, 0.75], "texture": "#0"},
				"east": {"uv": [4.5, 2.75, 5.25, 0], "rotation": 90, "texture": "#0"},
				"south": {"uv": [4.25, 0.75, 7.25, 0], "texture": "#0"},
				"west": {"uv": [4.25, 0, 5, 2.75], "rotation": 90, "texture": "#0"},
				"up": {"uv": [7.25, 2.75, 4.25, 0], "rotation": 180, "texture": "#0"}
			}
		},
		{
			"from": [4, 0, 5],
			"to": [12, 14, 16],
			"rotation": {"angle": 0, "axis": "y", "origin": [6, 13, 10]},
			"faces": {
				"north": {"uv": [0, 9.75, 2, 13.25], "texture": "#0"},
				"east": {"uv": [2.25, 9.75, 5, 13.25], "texture": "#0"},
				"west": {"uv": [5, 9.75, 2.25, 13.25], "texture": "#0"}
			}
		},
		{
			"from": [8, 18, 8.5],
			"to": [8, 25, 15.5],
			"rotation": {"angle": 0, "axis": "y", "origin": [7, 18, 13.5]},
			"faces": {
				"east": {"uv": [4.25, 3.75, 6, 5.5], "texture": "#0"},
				"west": {"uv": [6, 3.75, 4.25, 5.5], "texture": "#0"}
			}
		},
		{
			"from": [8, 15, 7],
			"to": [8, 21, 13],
			"rotation": {"angle": 0, "axis": "y", "origin": [8, 18, 9.5]},
			"faces": {
				"east": {"uv": [16, 0, 0, 16], "texture": "#1"},
				"west": {"uv": [0, 0, 16, 16], "texture": "#1"}
			}
		},
		{
			"from": [4.5, 15, 9.5],
			"to": [10.5, 21, 9.5],
			"rotation": {"angle": 0, "axis": "y", "origin": [8, 18, 9.5]},
			"faces": {
				"north": {"uv": [0, 0, 16, 16], "texture": "#1"},
				"south": {"uv": [16, 0, 0, 16], "texture": "#1"}
			}
		},
		{
			"from": [7, 18, 14.5],
			"to": [9, 24, 14.5],
			"rotation": {"angle": 0, "axis": "y", "origin": [10.5, 21.5, 14.5]},
			"faces": {
				"north": {"uv": [4.25, 4, 4.75, 5.5], "texture": "#0"},
				"south": {"uv": [4.75, 4, 4.25, 5.5], "texture": "#0"}
			}
		},
		{
			"from": [7, 21, 13.5],
			"to": [9, 21, 15.5],
			"rotation": {"angle": 0, "axis": "y", "origin": [8, 21, 14.5]},
			"faces": {
				"up": {"uv": [4.75, 4.5, 4.25, 5], "rotation": 90, "texture": "#0"},
				"down": {"uv": [4.25, 4.5, 4.75, 5], "rotation": 90, "texture": "#0"}
			}
		},
		{
			"from": [7, 21, 8.5],
			"to": [9, 21, 10.5],
			"rotation": {"angle": 0, "axis": "y", "origin": [8, 21, 9.5]},
			"faces": {
				"up": {"uv": [4.75, 4.5, 4.25, 5], "rotation": 90, "texture": "#0"},
				"down": {"uv": [4.25, 4.5, 4.75, 5], "rotation": 90, "texture": "#0"}
			}
		},
		{
			"from": [7, 23, 12],
			"to": [9, 25, 12],
			"rotation": {"angle": 0, "axis": "x", "origin": [8, 24, 12]},
			"faces": {
				"north": {"uv": [4.25, 4.5, 4.75, 5], "rotation": 270, "texture": "#0"},
				"south": {"uv": [4.75, 4.5, 4.25, 5], "rotation": 90, "texture": "#0"}
			}
		},
		{
			"from": [7, 21, 9.5],
			"to": [9, 24, 9.5],
			"rotation": {"angle": 0, "axis": "y", "origin": [10.5, 21.5, 9.5]},
			"faces": {
				"north": {"uv": [5.5, 4, 6, 4.75], "texture": "#0"},
				"south": {"uv": [6, 4, 5.5, 4.75], "texture": "#0"}
			}
		},
		{
			"from": [7, 24, 9.5],
			"to": [9, 24, 14.5],
			"rotation": {"angle": 0, "axis": "y", "origin": [8, 24, 11]},
			"faces": {
				"up": {"uv": [5.75, 3.75, 4.5, 4.25], "rotation": 90, "texture": "#0"},
				"down": {"uv": [4.5, 4.25, 5.75, 3.75], "rotation": 90, "texture": "#0"}
			}
		},
		{
			"from": [0.7, 18, 13.2],
			"to": [4.7, 19, 15.2],
			"rotation": {"angle": -22.5, "axis": "y", "origin": [2.7, 18.5, 14.2]},
			"faces": {
				"north": {"uv": [4.25, 3.25, 5.25, 3.5], "texture": "#0"},
				"east": {"uv": [5.25, 3.25, 4.75, 3], "texture": "#0"},
				"south": {"uv": [5.25, 3, 4.25, 3.25], "texture": "#0"},
				"west": {"uv": [4.25, 3, 4.75, 3.25], "texture": "#0"},
				"up": {"uv": [5.25, 3.5, 4.25, 3], "texture": "#0"}
			}
		},
		{
			"from": [5.5, 20, 13.5],
			"to": [7, 22, 15.5],
			"rotation": {"angle": 45, "axis": "x", "origin": [8, 21, 14.5]},
			"faces": {
				"north": {"uv": [6, 3, 5.5, 3.5], "texture": "#0"},
				"east": {"uv": [6, 3, 6.25, 3.5], "texture": "#0"},
				"south": {"uv": [5.5, 3, 6, 3.5], "texture": "#0"},
				"west": {"uv": [5.75, 3, 6, 3.5], "texture": "#0"},
				"up": {"uv": [5.5, 3, 6, 3.5], "texture": "#0"},
				"down": {"uv": [5.5, 3, 6, 3.5], "texture": "#0"}
			}
		},
		{
			"from": [9, 20, 13.5],
			"to": [10.5, 22, 15.5],
			"rotation": {"angle": 45, "axis": "x", "origin": [8, 21, 14.5]},
			"faces": {
				"north": {"uv": [6.5, 3, 6, 3.5], "texture": "#0"},
				"east": {"uv": [6, 3, 5.75, 3.5], "texture": "#0"},
				"south": {"uv": [6, 3, 6.5, 3.5], "texture": "#0"},
				"west": {"uv": [6, 3, 6.25, 3.5], "texture": "#0"},
				"up": {"uv": [6, 3, 6.5, 3.5], "texture": "#0"},
				"down": {"uv": [6, 3, 6.5, 3.5], "texture": "#0"}
			}
		}
	],
	"display": {
		"fixed": {
			"rotation": [-90, 0, 0],
			"translation": [0, 0, -16],
			"scale": [2, 2, 2]
		}
	},
	"groups": [
		{
			"name": "group",
			"origin": [8, 23, 14.5],
			"color": 0,
			"children": [
				0,
				1,
				2,
				3,
				{
					"name": "group",
					"origin": [8, 20, 9.5],
					"color": 0,
					"children": [4, 5]
				},
				6,
				7,
				8,
				9,
				10,
				11,
				12,
				13,
				14
			]
		}
	]
}