{
	"textures": {
		"0": "custom/shelf"
	},
	"elements": [
		{
			"from": [-6, -16, 0],
			"to": [22, -14, 14],
			"rotation": {"angle": 0, "axis": "y", "origin": [8, -16, 0]},
			"faces": {
				"north": {"uv": [3.5, 6.5, 0, 6.75], "texture": "#0"},
				"east": {"uv": [4.25, 11.5, 6, 11.75], "texture": "#0"},
				"west": {"uv": [4.25, 11.5, 6, 11.75], "texture": "#0"},
				"up": {"uv": [11.875, 0, 13.625, 3.5], "rotation": 90, "texture": "#0"},
				"down": {"uv": [11.5, 0.25, 9.75, 3.75], "rotation": 90, "texture": "#0"}
			}
		},
		{
			"from": [-6, 20, 2],
			"to": [22, 22, 14],
			"rotation": {"angle": 0, "axis": "y", "origin": [8, 20, 0]},
			"faces": {
				"north": {"uv": [0, 6.5, 3.5, 6.75], "texture": "#0"},
				"up": {"uv": [11.875, 3.625, 13.375, 7.125], "rotation": 90, "texture": "#0"},
				"down": {"uv": [11.875, 3.625, 13.375, 7.125], "rotation": 90, "texture": "#0"}
			}
		},
		{
			"from": [-6, 14, 6],
			"to": [22, 16, 8],
			"rotation": {"angle": 0, "axis": "y", "origin": [8, 14, 0]},
			"faces": {
				"north": {"uv": [0, 6.75, 3.5, 6.5], "texture": "#0"},
				"south": {"uv": [0, 6.5, 3.5, 6.75], "texture": "#0"},
				"up": {"uv": [0, 6.75, 3.5, 6.5], "texture": "#0"},
				"down": {"uv": [0, 6.75, 3.5, 6.5], "texture": "#0"}
			}
		},
		{
			"from": [22, -16, 0],
			"to": [24, 32, 16],
			"rotation": {"angle": 0, "axis": "y", "origin": [8, 0, 0]},
			"faces": {
				"north": {"uv": [0, 7.375, 6, 7.125], "rotation": 90, "texture": "#0"},
				"east": {"uv": [5.625, 0, 3.625, 6], "texture": "#0"},
				"west": {"uv": [7.75, 0, 5.75, 6], "texture": "#0"},
				"up": {"uv": [9.75, 4.125, 11.75, 4.375], "rotation": 90, "texture": "#0"},
				"down": {"uv": [9.75, 0, 11.75, 0.25], "rotation": 90, "texture": "#0"}
			}
		},
		{
			"from": [-8, -16, 0],
			"to": [-6, 32, 16],
			"rotation": {"angle": 0, "axis": "y", "origin": [-22, 0, 0]},
			"faces": {
				"north": {"uv": [0, 7.125, 6, 7.375], "rotation": 90, "texture": "#0"},
				"east": {"uv": [5.75, 0, 7.75, 6], "texture": "#0"},
				"west": {"uv": [3.625, 0, 5.625, 6], "texture": "#0"},
				"up": {"uv": [11.75, 7.875, 9.75, 8.125], "rotation": 90, "texture": "#0"},
				"down": {"uv": [9.75, 3.75, 11.75, 4], "rotation": 90, "texture": "#0"}
			}
		},
		{
			"from": [-6, -16, 14],
			"to": [22, 32, 16],
			"rotation": {"angle": 0, "axis": "y", "origin": [8, 0, 0]},
			"faces": {
				"north": {"uv": [0, 0, 3.5, 6], "texture": "#0"},
				"up": {"uv": [11.5, 4.375, 11.75, 7.875], "rotation": 90, "texture": "#0"},
				"down": {"uv": [9.75, 0.25, 10, 3.75], "rotation": 90, "texture": "#0"}
			}
		},
		{
			"from": [-6, 30, 0],
			"to": [22, 32, 14],
			"rotation": {"angle": 0, "axis": "y", "origin": [8, 31, 0]},
			"faces": {
				"north": {"uv": [0, 6.125, 3.5, 6.375], "texture": "#0"},
				"up": {"uv": [9.75, 4.375, 11.5, 7.875], "rotation": 90, "texture": "#0"},
				"down": {"uv": [11.875, 0, 13.625, 3.5], "rotation": 90, "texture": "#0"}
			}
		},
		{
			"from": [20, 5, -0.9],
			"to": [20, 11, 0],
			"rotation": {"angle": 0, "axis": "y", "origin": [20, 8, 0]},
			"faces": {
				"north": {"uv": [0, 0, 0, 0.75], "texture": "#missing"},
				"east": {"uv": [0, 7.5, 0.75, 7.6125], "rotation": 90, "texture": "#0"},
				"south": {"uv": [0, 0, 0, 0.75], "texture": "#missing"},
				"west": {"uv": [0, 7.6125, 0.75, 7.5], "rotation": 90, "texture": "#0"},
				"up": {"uv": [0, 0, 0, 0.1125], "texture": "#missing"},
				"down": {"uv": [0, 0, 0, 0.1125], "texture": "#missing"}
			}
		},
		{
			"from": [8, -14, 0],
			"to": [22, 30, 1],
			"rotation": {"angle": 0, "axis": "y", "origin": [22, 0, -14]},
			"faces": {
				"north": {"uv": [9.625, 0, 7.875, 5.5], "texture": "#0"},
				"east": {"uv": [0, 6.875, 5.5, 7], "rotation": 90, "texture": "#0"},
				"south": {"uv": [7.875, 0, 9.625, 5.5], "texture": "#0"},
				"west": {"uv": [0, 6.875, 5.5, 7], "rotation": 90, "texture": "#0"},
				"up": {"uv": [3.75, 0.25, 5.5, 0.375], "texture": "#0"},
				"down": {"uv": [3.75, 0.25, 5.5, 0.375], "texture": "#0"}
			}
		},
		{
			"from": [-4, 5, 0.1],
			"to": [-4, 11, 1],
			"rotation": {"angle": 0, "axis": "y", "origin": [-4, 8, 1]},
			"faces": {
				"north": {"uv": [0, 0, 0, 0.75], "texture": "#missing"},
				"east": {"uv": [0, 7.5, 0.75, 7.6125], "rotation": 90, "texture": "#0"},
				"south": {"uv": [0, 0, 0, 0.75], "texture": "#missing"},
				"west": {"uv": [0, 7.6125, 0.75, 7.5], "rotation": 90, "texture": "#0"},
				"up": {"uv": [0, 0, 0, 0.1125], "texture": "#missing"},
				"down": {"uv": [0, 0, 0, 0.1125], "texture": "#missing"}
			}
		},
		{
			"from": [-6, -14, 1],
			"to": [8, 30, 2],
			"rotation": {"angle": 0, "axis": "y", "origin": [8, 0, -13]},
			"faces": {
				"north": {"uv": [7.875, 0, 9.625, 5.5], "texture": "#0"},
				"east": {"uv": [0, 6.875, 5.5, 7], "rotation": 90, "texture": "#0"},
				"south": {"uv": [7.875, 0, 9.625, 5.5], "texture": "#0"},
				"west": {"uv": [0, 6.875, 5.5, 7], "rotation": 90, "texture": "#0"},
				"up": {"uv": [3.75, 0.25, 5.5, 0.375], "texture": "#0"},
				"down": {"uv": [3.75, 0.25, 5.5, 0.375], "texture": "#0"}
			}
		},
		{
			"from": [15, 6, 0.6],
			"to": [15, 17, 13.6],
			"rotation": {"angle": -22.5, "axis": "y", "origin": [15, 11.5, 7]},
			"faces": {
				"north": {"uv": [0, 0, 0, 1.375], "texture": "#0"},
				"east": {"uv": [1.625, 7.75, 0, 9.125], "texture": "#0"},
				"south": {"uv": [0, 0, 0, 1.375], "texture": "#0"},
				"west": {"uv": [0, 7.75, 1.625, 9.125], "texture": "#0"},
				"up": {"uv": [0, 0, 0, 1.625], "texture": "#0"},
				"down": {"uv": [0, 0, 0, 1.625], "texture": "#0"}
			}
		},
		{
			"from": [11, 6, 0.6],
			"to": [11, 17, 13.6],
			"rotation": {"angle": 0, "axis": "y", "origin": [11, 11.5, 7]},
			"faces": {
				"north": {"uv": [0, 0, 0, 1.375], "texture": "#0"},
				"east": {"uv": [1.625, 7.75, 0, 9.125], "texture": "#0"},
				"south": {"uv": [0, 0, 0, 1.375], "texture": "#0"},
				"west": {"uv": [0, 7.75, 1.625, 9.125], "texture": "#0"},
				"up": {"uv": [0, 0, 0, 1.625], "texture": "#0"},
				"down": {"uv": [0, 0, 0, 1.625], "texture": "#0"}
			}
		},
		{
			"from": [18, 6, 0.6],
			"to": [18, 17, 13.6],
			"rotation": {"angle": -22.5, "axis": "y", "origin": [18, 11.5, 7]},
			"faces": {
				"north": {"uv": [0, 0, 0, 1.375], "texture": "#0"},
				"east": {"uv": [1.625, 7.75, 0, 9.125], "texture": "#0"},
				"south": {"uv": [0, 0, 0, 1.375], "texture": "#0"},
				"west": {"uv": [0, 7.75, 1.625, 9.125], "texture": "#0"},
				"up": {"uv": [0, 0, 0, 1.625], "texture": "#0"},
				"down": {"uv": [0, 0, 0, 1.625], "texture": "#0"}
			}
		},
		{
			"from": [19, 6, 0.6],
			"to": [19, 17, 13.6],
			"rotation": {"angle": -22.5, "axis": "y", "origin": [19, 11.5, 7]},
			"faces": {
				"north": {"uv": [0, 0, 0, 1.375], "texture": "#0"},
				"east": {"uv": [1.625, 7.75, 0, 9.125], "texture": "#0"},
				"south": {"uv": [0, 0, 0, 1.375], "texture": "#0"},
				"west": {"uv": [0, 7.75, 1.625, 9.125], "texture": "#0"},
				"up": {"uv": [0, 0, 0, 1.625], "texture": "#0"},
				"down": {"uv": [0, 0, 0, 1.625], "texture": "#0"}
			}
		},
		{
			"from": [-1, 6, 0.5],
			"to": [-1, 17, 13.5],
			"rotation": {"angle": 22.5, "axis": "y", "origin": [-1, 11.5, 7.1]},
			"faces": {
				"north": {"uv": [0, 0, 0, 1.375], "texture": "#0"},
				"east": {"uv": [1.625, 7.75, 0, 9.125], "texture": "#0"},
				"south": {"uv": [0, 0, 0, 1.375], "texture": "#0"},
				"west": {"uv": [0, 7.75, 1.625, 9.125], "texture": "#0"},
				"up": {"uv": [0, 0, 0, 1.625], "rotation": 180, "texture": "#0"},
				"down": {"uv": [0, 0, 0, 1.625], "rotation": 180, "texture": "#0"}
			}
		},
		{
			"from": [13, 22, 3],
			"to": [21, 28, 13],
			"rotation": {"angle": 0, "axis": "y", "origin": [16.5, 23, 7]},
			"faces": {
				"north": {"uv": [2.5, 7.75, 3.5, 8.5], "texture": "#0"},
				"east": {"uv": [3.625, 7.75, 4.875, 8.5], "texture": "#0"},
				"west": {"uv": [3.625, 7.75, 4.875, 8.5], "texture": "#0"}
			}
		},
		{
			"from": [12.75, 25.75, 2.75],
			"to": [21.25, 28.25, 13.25],
			"rotation": {"angle": 0, "axis": "y", "origin": [17, 22.125, 8]},
			"faces": {
				"north": {"uv": [2.5, 8.625, 3.5, 8.875], "texture": "#0"},
				"east": {"uv": [3.625, 8.625, 4.875, 8.875], "texture": "#0"},
				"west": {"uv": [3.625, 8.625, 4.875, 8.875], "texture": "#0"},
				"up": {"uv": [3, 8.625, 3.5, 8.875], "texture": "#0"}
			}
		},
		{
			"name": "cube inverted",
			"from": [21.25, 28.25, 13.25],
			"to": [12.75, 25.75, 2.75],
			"rotation": {"angle": 0, "axis": "y", "origin": [17, 22.125, 8]},
			"faces": {
				"north": {"uv": [3.25, 8.125, 3.5, 7.75], "rotation": 90, "texture": "#0"},
				"east": {"uv": [3.25, 7.75, 3.5, 8.125], "rotation": 90, "texture": "#0"},
				"west": {"uv": [3.25, 7.75, 3.5, 8.125], "rotation": 90, "texture": "#0"}
			}
		},
		{
			"from": [14, -13.9, 4],
			"to": [21, -13.9, 9],
			"rotation": {"angle": 0, "axis": "y", "origin": [13, -13.9, 4]},
			"faces": {
				"north": {"uv": [0, 0, 0.875, 0], "texture": "#missing"},
				"east": {"uv": [0, 0, 0.625, 0], "texture": "#missing"},
				"south": {"uv": [0, 0, 0.875, 0], "texture": "#missing"},
				"west": {"uv": [0, 0, 0.625, 0], "texture": "#missing"},
				"up": {"uv": [1.75, 7.75, 2.375, 8.625], "rotation": 90, "texture": "#0"}
			}
		},
		{
			"from": [14, -13.8, 7],
			"to": [21, -13.8, 12],
			"rotation": {"angle": 22.5, "axis": "y", "origin": [17.5, -13.8, 9.5]},
			"faces": {
				"north": {"uv": [0, 0, 0.875, 0], "texture": "#missing"},
				"east": {"uv": [0, 0, 0.625, 0], "texture": "#missing"},
				"south": {"uv": [0, 0, 0.875, 0], "texture": "#missing"},
				"west": {"uv": [0, 0, 0.625, 0], "texture": "#missing"},
				"up": {"uv": [1.75, 7.75, 2.375, 8.625], "rotation": 270, "texture": "#0"}
			}
		},
		{
			"from": [-1, 22.1, 7],
			"to": [9, 22.1, 11],
			"rotation": {"angle": 22.5, "axis": "y", "origin": [4, 22.1, 9]},
			"faces": {
				"north": {"uv": [0, 0, 1.25, 0], "texture": "#missing"},
				"east": {"uv": [0, 0, 0.5, 0], "texture": "#missing"},
				"south": {"uv": [0, 0, 1.25, 0], "texture": "#missing"},
				"west": {"uv": [0, 0, 0.5, 0], "texture": "#missing"},
				"up": {"uv": [5, 7.75, 6.25, 8.25], "texture": "#0"}
			}
		},
		{
			"from": [1, 22.2, 8],
			"to": [11, 22.2, 12],
			"rotation": {"angle": 0, "axis": "y", "origin": [6, 22.2, 10]},
			"faces": {
				"north": {"uv": [0, 0, 1.25, 0], "texture": "#missing"},
				"east": {"uv": [0, 0, 0.5, 0], "texture": "#missing"},
				"south": {"uv": [0, 0, 1.25, 0], "texture": "#missing"},
				"west": {"uv": [0, 0, 0.5, 0], "texture": "#missing"},
				"up": {"uv": [5, 7.75, 6.25, 8.25], "texture": "#0"}
			}
		}
	],
	"display": {
		"fixed": {
			"rotation": [-90, 0, 0],
			"scale": [2, 2, 2]
		}
	},
	"groups": [
		{
			"name": "group",
			"origin": [8, 8, 8],
			"color": 0,
			"children": [
				{
					"name": "group",
					"origin": [0, 31, 0],
					"color": 0,
					"children": [0, 1, 2, 3, 4, 5, 6]
				},
				{
					"name": "group",
					"origin": [14, 0, -13],
					"color": 0,
					"children": [
						{
							"name": "group",
							"origin": [12, 8, -1],
							"color": 0,
							"children": [7, 8]
						},
						{
							"name": "group",
							"origin": [0, 0, -13],
							"color": 0,
							"children": [9, 10]
						}
					]
				},
				{
					"name": "group",
					"origin": [-9, 11.5, 7],
					"color": 0,
					"children": [11, 12, 13, 14, 15]
				},
				16,
				17,
				18,
				19,
				20,
				21,
				22
			]
		}
	]
}